<?xml version="1.0" encoding="UTF-8"?>
<project-private xmlns="http://www.netbeans.org/ns/project-private/1">
    <editor-bookmarks xmlns="http://www.netbeans.org/ns/editor-bookmarks/2" lastBookmarkId="0"/>
    <open-files xmlns="http://www.netbeans.org/ns/projectui-open-files/2">
        <group>
            <file>file:/E:/Project/08.%20Uzi%20Tailor/Netbeans/project/UziTailor/src/views/barang_tambah.java</file>
            <file>file:/E:/Project/08.%20Uzi%20Tailor/Netbeans/project/UziTailor/src/views/edit_barang.java</file>
            <file>file:/E:/Project/08.%20Uzi%20Tailor/Netbeans/project/UziTailor/src/views/tambah_barang.java</file>
            <file>file:/E:/Project/08.%20Uzi%20Tailor/Netbeans/project/UziTailor/src/views/barang.java</file>
        </group>
    </open-files>
</project-private>
